source_file,line,current_icon,icon_name,inferred_function,exists,status,line_text
docs/404.html,37,layers/website/app/favicon/favicon.svg,favicon,favicon,yes,TRUE_MATCH_REVIEW,"<link rel=""icon"" type=""image/svg+xml"" href=""/assets/icons/layers/website/app/favicon/favicon.svg"">"
docs/assets/fragments/layers/website/account/account-drawer.html,77,layers/website/auth/signin/apple.svg,apple,apple,yes,TRUE_MATCH_REVIEW,"<img src=""/assets/icons/layers/website/auth/signin/apple.svg"" alt="""" class=""account-drawer-identity-icon account-drawer-identity-icon--theme-aware ui-icon-theme-aware"" aria-hidden=""true"">"
docs/assets/fragments/layers/website/account/account-drawer.html,84,layers/website/auth/signin/google-signin.svg,google-signin,google-signin,yes,TRUE_MATCH_REVIEW,"<img src=""/assets/icons/layers/website/auth/signin/google-signin.svg"" alt="""" class=""account-drawer-identity-icon account-drawer-identity-icon--brand"" aria-hidden=""true"">"
docs/assets/fragments/layers/website/account/account-drawer.html,91,layers/website/auth/signin/signin-email.svg,signin-email,signin-email,yes,TRUE_MATCH_REVIEW,"<img src=""/assets/icons/layers/website/auth/signin/signin-email.svg"" alt="""" class=""account-drawer-identity-icon account-drawer-identity-icon--theme-aware ui-icon-theme-aware"" aria-hidden=""true"">"
docs/assets/fragments/layers/website/account/account-drawer.html,98,layers/website/auth/signin/signin-phone.svg,signin-phone,signin-phone,yes,TRUE_MATCH_REVIEW,"<img src=""/assets/icons/layers/website/auth/signin/signin-phone.svg"" alt="""" class=""account-drawer-identity-icon account-drawer-identity-icon--theme-aware ui-icon-theme-aware"" aria-hidden=""true"">"
docs/assets/fragments/layers/website/account/account-email-auth-drawer.html,104,core/navigation/unclassified/back.svg,back,back,yes,TRUE_MATCH_REVIEW,"<img src=""/assets/icons/core/navigation/unclassified/back.svg"" alt="""" class=""account-email-auth-drawer-back-icon ui-icon-theme-aware"" aria-hidden=""true"">"
docs/assets/fragments/layers/website/account/account-forgot-password-drawer.html,80,core/navigation/unclassified/back.svg,back,back,yes,TRUE_MATCH_REVIEW,"<img src=""/assets/icons/core/navigation/unclassified/back.svg"" alt="""" class=""account-forgot-password-drawer-back-icon ui-icon-theme-aware"" aria-hidden=""true"">"
docs/assets/fragments/layers/website/account/account-phone-auth-drawer.html,102,core/navigation/unclassified/back.svg,back,back,yes,TRUE_MATCH_REVIEW,"<img src=""/assets/icons/core/navigation/unclassified/back.svg"" alt="""" class=""account-phone-auth-drawer-back-icon ui-icon-theme-aware"" aria-hidden=""true"">"
docs/assets/fragments/layers/website/account/account-profile-setup-drawer.html,287,core/navigation/unclassified/back.svg,back,back,yes,TRUE_MATCH_REVIEW,"<img src=""/assets/icons/core/navigation/unclassified/back.svg"" alt="""" class=""account-profile-setup-drawer-back-icon ui-icon-theme-aware"" aria-hidden=""true"">"
docs/assets/fragments/layers/website/account/account-sign-in-drawer.html,124,layers/website/auth/signin/apple.svg,apple,apple,yes,TRUE_MATCH_REVIEW,"<img src=""/assets/icons/layers/website/auth/signin/apple.svg"" alt="""" class=""account-drawer-identity-icon account-drawer-identity-icon--theme-aware ui-icon-theme-aware"" aria-hidden=""true"">"
docs/assets/fragments/layers/website/account/account-sign-in-drawer.html,130,layers/website/auth/signin/google-signin.svg,google-signin,google-signin,yes,TRUE_MATCH_REVIEW,"<img src=""/assets/icons/layers/website/auth/signin/google-signin.svg"" alt="""" class=""account-drawer-identity-icon account-drawer-identity-icon--brand"" aria-hidden=""true"">"
docs/assets/fragments/layers/website/account/account-sign-in-drawer.html,145,core/navigation/unclassified/back.svg,back,back,yes,TRUE_MATCH_REVIEW,"<img src=""/assets/icons/core/navigation/unclassified/back.svg"" alt="""" class=""account-sign-in-drawer-back-icon ui-icon-theme-aware"" aria-hidden=""true"">"
docs/assets/fragments/layers/website/account/account-sign-up-drawer.html,131,layers/website/auth/signin/apple.svg,apple,apple,yes,TRUE_MATCH_REVIEW,"<img src=""/assets/icons/layers/website/auth/signin/apple.svg"" alt="""" class=""account-drawer-identity-icon account-drawer-identity-icon--theme-aware ui-icon-theme-aware"" aria-hidden=""true"">"
docs/assets/fragments/layers/website/account/account-sign-up-drawer.html,137,layers/website/auth/signin/google-signin.svg,google-signin,google-signin,yes,TRUE_MATCH_REVIEW,"<img src=""/assets/icons/layers/website/auth/signin/google-signin.svg"" alt="""" class=""account-drawer-identity-icon account-drawer-identity-icon--brand"" aria-hidden=""true"">"
docs/assets/fragments/layers/website/account/account-sign-up-drawer.html,143,layers/website/auth/signin/signin-email.svg,signin-email,signin-email,yes,TRUE_MATCH_REVIEW,"<img src=""/assets/icons/layers/website/auth/signin/signin-email.svg"" alt="""" class=""account-drawer-identity-icon account-drawer-identity-icon--theme-aware ui-icon-theme-aware"" aria-hidden=""true"">"
docs/assets/fragments/layers/website/account/account-sign-up-drawer.html,149,layers/website/auth/signin/signin-phone.svg,signin-phone,signin-phone,yes,TRUE_MATCH_REVIEW,"<img src=""/assets/icons/layers/website/auth/signin/signin-phone.svg"" alt="""" class=""account-drawer-identity-icon account-drawer-identity-icon--theme-aware ui-icon-theme-aware"" aria-hidden=""true"">"
docs/assets/fragments/layers/website/account/account-sign-up-drawer.html,166,core/navigation/unclassified/back.svg,back,back,yes,TRUE_MATCH_REVIEW,"<img src=""/assets/icons/core/navigation/unclassified/back.svg"" alt="""" class=""account-sign-up-drawer-back-icon ui-icon-theme-aware"" aria-hidden=""true"">"
docs/assets/fragments/layers/website/cookie/cookie-consent.html,45,core/legal/privacy/cookies.svg,cookies,cookies,yes,TRUE_MATCH_REVIEW,"<img src=""/assets/icons/core/legal/privacy/cookies.svg"" alt="""" class=""cookie-consent-brand-symbol cookie-consent-brand-symbol--cookies ui-icon-theme-aware"" data-cookie-consent-title-icon-asset=""default"">"
docs/assets/fragments/layers/website/cookie/cookie-consent.html,46,core/navigation/unclassified/globe.svg,globe,globe,yes,TRUE_MATCH_REVIEW,"<img src=""/assets/icons/core/navigation/unclassified/globe.svg"" alt="""" class=""cookie-consent-brand-symbol cookie-consent-brand-symbol--language ui-icon-theme-aware"" data-cookie-consent-title-icon-asset=""language"" hidden>"
docs/assets/fragments/layers/website/cookie/cookie-consent.html,59,core/navigation/unclassified/back.svg,back,back,yes,TRUE_MATCH_REVIEW,"<img src=""/assets/icons/core/navigation/unclassified/back.svg"" alt="""" class=""cookie-consent-close-back-icon global-back-button__icon ui-icon-theme-aware"">"
docs/assets/fragments/layers/website/cookie/cookie-consent.html,94,core/interface/status/essential.svg,essential,essential,yes,TRUE_MATCH_REVIEW,"<img src=""/assets/icons/core/interface/status/essential.svg"" alt="""" class=""cookie-consent-row-icon-image cookie-consent-row-icon-image--essential ui-icon-theme-aware"">"
docs/assets/fragments/layers/website/cookie/cookie-consent.html,103,core/interface/navigation/drop-down.svg,drop-down,drop-down,yes,TRUE_MATCH_REVIEW,"<img src=""/assets/icons/core/interface/navigation/drop-down.svg"" alt="""" class=""cookie-consent-row-expand-icon ui-icon-theme-aware"">"
docs/assets/fragments/layers/website/cookie/cookie-consent.html,141,core/system/unclassified/analytics.svg,analytics,analytics,yes,TRUE_MATCH_REVIEW,"<img src=""/assets/icons/core/system/unclassified/analytics.svg"" alt="""" class=""cookie-consent-row-icon-image cookie-consent-row-icon-image--analytics ui-icon-theme-aware"">"
docs/assets/fragments/layers/website/cookie/cookie-consent.html,153,core/interface/navigation/drop-down.svg,drop-down,drop-down,yes,TRUE_MATCH_REVIEW,"<img src=""/assets/icons/core/interface/navigation/drop-down.svg"" alt="""" class=""cookie-consent-row-expand-icon ui-icon-theme-aware"">"
docs/assets/fragments/layers/website/cookie/cookie-consent.html,193,core/interface/status/experience.svg,experience,experience,yes,TRUE_MATCH_REVIEW,"<img src=""/assets/icons/core/interface/status/experience.svg"" alt="""" class=""cookie-consent-row-icon-image cookie-consent-row-icon-image--experience ui-icon-theme-aware"">"
docs/assets/fragments/layers/website/cookie/cookie-consent.html,205,core/interface/navigation/drop-down.svg,drop-down,drop-down,yes,TRUE_MATCH_REVIEW,"<img src=""/assets/icons/core/interface/navigation/drop-down.svg"" alt="""" class=""cookie-consent-row-expand-icon ui-icon-theme-aware"">"
docs/assets/fragments/layers/website/home/developer-mode/topbar/developer-mode-topbar.html,24,core/identity/brand/neuroartan/logo-plain.svg,logo-plain,logo-plain,yes,TRUE_MATCH_REVIEW,"src=""/assets/icons/core/identity/brand/neuroartan/logo-plain.svg"""
docs/assets/fragments/layers/website/home/developer-mode/topbar/developer-mode-topbar.html,45,core/system/unclassified/bell.svg,bell,bell,yes,TRUE_MATCH_REVIEW,"<img class=""ui-icon-theme-aware"" src=""/assets/icons/core/system/unclassified/bell.svg"" alt="""">"
docs/assets/fragments/layers/website/home/developer-mode/topbar/developer-mode-topbar.html,50,core/system/unclassified/settings.svg,settings,settings,yes,TRUE_MATCH_REVIEW,"<img class=""ui-icon-theme-aware"" src=""/assets/icons/core/system/unclassified/settings.svg"" alt="""">"
docs/assets/fragments/layers/website/home/developer-mode/topbar/developer-mode-topbar.html,65,core/identity/unclassified/profile.svg,profile,profile,yes,TRUE_MATCH_REVIEW,"<img class=""ui-icon-theme-aware"" src=""/assets/icons/core/identity/unclassified/profile.svg"" alt="""">"
docs/assets/fragments/layers/website/home/interaction-settings/interaction-settings-shell.html,39,core/system/unclassified/settings.svg,settings,settings,yes,TRUE_MATCH_REVIEW,"<img class=""ui-icon-theme-aware"" src=""/assets/icons/core/system/unclassified/settings.svg"" alt="""">"
docs/assets/fragments/layers/website/home/interaction-settings/interaction-settings-shell.html,45,core/productivity/workspace/workspace.svg,workspace,workspace,yes,TRUE_MATCH_REVIEW,"<img class=""ui-icon-theme-aware"" src=""/assets/icons/core/productivity/workspace/workspace.svg"" alt="""">"
docs/assets/fragments/layers/website/home/interaction-settings/interaction-settings-shell.html,51,core/system/unclassified/settings.svg,settings,settings,yes,TRUE_MATCH_REVIEW,"<img class=""ui-icon-theme-aware"" src=""/assets/icons/core/system/unclassified/settings.svg"" alt="""">"
docs/assets/fragments/layers/website/home/interaction-settings/interaction-settings-shell.html,57,core/interface/status/experience.svg,experience,experience,yes,TRUE_MATCH_REVIEW,"<img class=""ui-icon-theme-aware"" src=""/assets/icons/core/interface/status/experience.svg"" alt="""">"
docs/assets/fragments/layers/website/home/interaction-settings/interaction-settings-shell.html,63,core/interface/status/experience.svg,experience,experience,yes,TRUE_MATCH_REVIEW,"<img class=""ui-icon-theme-aware"" src=""/assets/icons/core/interface/status/experience.svg"" alt="""">"
docs/assets/fragments/layers/website/home/interaction-settings/interaction-settings-shell.html,69,core/system/unclassified/log.svg,log,log,yes,TRUE_MATCH_REVIEW,"<img class=""ui-icon-theme-aware"" src=""/assets/icons/core/system/unclassified/log.svg"" alt="""">"
docs/assets/fragments/layers/website/home/interaction-settings/interaction-settings-shell.html,75,core/system/time/timer.svg,timer,timer,yes,TRUE_MATCH_REVIEW,"<img class=""ui-icon-theme-aware"" src=""/assets/icons/core/system/time/timer.svg"" alt="""">"
docs/assets/fragments/layers/website/home/interaction-settings/interaction-settings-shell.html,81,core/system/unclassified/stage.svg,stage,stage,yes,TRUE_MATCH_REVIEW,"<img class=""ui-icon-theme-aware"" src=""/assets/icons/core/system/unclassified/stage.svg"" alt="""">"
docs/assets/fragments/layers/website/home/interaction-settings/interaction-settings-shell.html,87,layers/developer/repository/repository.svg,repository,repository,yes,TRUE_MATCH_REVIEW,"<img class=""ui-icon-theme-aware"" src=""/assets/icons/layers/developer/repository/repository.svg"" alt="""">"
docs/assets/fragments/layers/website/home/interaction-settings/interaction-settings-shell.html,93,core/system/unclassified/log.svg,log,log,yes,TRUE_MATCH_REVIEW,"<img class=""ui-icon-theme-aware"" src=""/assets/icons/core/system/unclassified/log.svg"" alt="""">"
docs/assets/fragments/layers/website/home/interaction-settings/interaction-settings-shell.html,99,core/interface/status/essential.svg,essential,essential,yes,TRUE_MATCH_REVIEW,"<img class=""ui-icon-theme-aware"" src=""/assets/icons/core/interface/status/essential.svg"" alt="""">"
docs/assets/fragments/layers/website/home/interaction-settings/interaction-settings-shell.html,105,core/interface/status/essential.svg,essential,essential,yes,TRUE_MATCH_REVIEW,"<img class=""ui-icon-theme-aware"" src=""/assets/icons/core/interface/status/essential.svg"" alt="""">"
docs/assets/fragments/layers/website/home/interaction-settings/sections/accessibility/index.html,19,core/interface/status/essential.svg,essential,essential,yes,TRUE_MATCH_REVIEW,"<img class=""ui-icon-theme-aware"" src=""/assets/icons/core/interface/status/essential.svg"" alt="""">"
docs/assets/fragments/layers/website/home/interaction-settings/sections/changelog/index.html,20,core/files/unclassified/document.svg,document,document,yes,TRUE_MATCH_REVIEW,"<img class=""ui-icon-theme-aware"" src=""/assets/icons/core/files/unclassified/document.svg"" alt="""">"
docs/assets/fragments/layers/website/home/interaction-settings/sections/chat-history/index.html,19,core/identity/unclassified/session.svg,session,session,yes,TRUE_MATCH_REVIEW,"<img class=""ui-icon-theme-aware"" src=""/assets/icons/core/identity/unclassified/session.svg"" alt="""">"
docs/assets/fragments/layers/website/home/interaction-settings/sections/developer/index.html,20,core/files/unclassified/code.svg,code,code,yes,TRUE_MATCH_REVIEW,"<img class=""ui-icon-theme-aware"" src=""/assets/icons/core/files/unclassified/code.svg"" alt="""">"
docs/assets/fragments/layers/website/home/interaction-settings/sections/memory/index.html,20,core/cognition/unclassified/continuity.svg,continuity,continuity,yes,TRUE_MATCH_REVIEW,"<img class=""ui-icon-theme-aware"" src=""/assets/icons/core/cognition/unclassified/continuity.svg"" alt="""">"
docs/assets/fragments/layers/website/home/interaction-settings/sections/model/index.html,19,core/system/unclassified/settings.svg,settings,settings,yes,TRUE_MATCH_REVIEW,"<img class=""ui-icon-theme-aware"" src=""/assets/icons/core/system/unclassified/settings.svg"" alt="""">"
docs/assets/fragments/layers/website/home/interaction-settings/sections/overview/index.html,18,core/system/unclassified/settings.svg,settings,settings,yes,TRUE_MATCH_REVIEW,"<img class=""ui-icon-theme-aware"" src=""/assets/icons/core/system/unclassified/settings.svg"" alt="""">"
docs/assets/fragments/layers/website/home/interaction-settings/sections/privacy/index.html,19,core/interface/status/essential.svg,essential,essential,yes,TRUE_MATCH_REVIEW,"<img class=""ui-icon-theme-aware"" src=""/assets/icons/core/interface/status/essential.svg"" alt="""">"
docs/assets/fragments/layers/website/home/interaction-settings/sections/response/index.html,19,core/interface/status/experience.svg,experience,experience,yes,TRUE_MATCH_REVIEW,"<img class=""ui-icon-theme-aware"" src=""/assets/icons/core/interface/status/experience.svg"" alt="""">"
docs/assets/fragments/layers/website/home/interaction-settings/sections/session/active-chat.html,19,core/identity/unclassified/session.svg,session,session,yes,TRUE_MATCH_REVIEW,"<img class=""ui-icon-theme-aware"" src=""/assets/icons/core/identity/unclassified/session.svg"" alt="""">"
docs/assets/fragments/layers/website/home/interaction-settings/sections/session/index.html,19,core/identity/unclassified/session.svg,session,session,yes,TRUE_MATCH_REVIEW,"<img class=""ui-icon-theme-aware"" src=""/assets/icons/core/identity/unclassified/session.svg"" alt="""">"
docs/assets/fragments/layers/website/home/interaction-settings/sections/session/index.html,64,core/navigation/unclassified/right.svg,right,right,yes,TRUE_MATCH_REVIEW,"<img class=""ui-icon-theme-aware home-interaction-settings-panel__drill-indicator-icon"" src=""/assets/icons/core/navigation/unclassified/right.svg"" alt="""">"
docs/assets/fragments/layers/website/home/interaction-settings/sections/session/index.html,74,core/navigation/unclassified/right.svg,right,right,yes,TRUE_MATCH_REVIEW,"<img class=""ui-icon-theme-aware home-interaction-settings-panel__drill-indicator-icon"" src=""/assets/icons/core/navigation/unclassified/right.svg"" alt="""">"
docs/assets/fragments/layers/website/home/interaction-settings/sections/session/index.html,84,core/navigation/unclassified/right.svg,right,right,yes,TRUE_MATCH_REVIEW,"<img class=""ui-icon-theme-aware home-interaction-settings-panel__drill-indicator-icon"" src=""/assets/icons/core/navigation/unclassified/right.svg"" alt="""">"
docs/assets/fragments/layers/website/home/interaction-settings/sections/session/persistence.html,19,core/identity/unclassified/session.svg,session,session,yes,TRUE_MATCH_REVIEW,"<img class=""ui-icon-theme-aware"" src=""/assets/icons/core/identity/unclassified/session.svg"" alt="""">"
docs/assets/fragments/layers/website/home/interaction-settings/sections/session/reset-behavior.html,19,core/identity/unclassified/session.svg,session,session,yes,TRUE_MATCH_REVIEW,"<img class=""ui-icon-theme-aware"" src=""/assets/icons/core/identity/unclassified/session.svg"" alt="""">"
docs/assets/fragments/layers/website/home/interaction-settings/sections/stage/index.html,23,core/system/unclassified/stage.svg,stage,stage,yes,TRUE_MATCH_REVIEW,"<img class=""ui-icon-theme-aware"" src=""/assets/icons/core/system/unclassified/stage.svg"" alt="""">"
docs/assets/fragments/layers/website/home/interaction-settings/sections/voice/index.html,19,core/interface/status/experience.svg,experience,experience,yes,TRUE_MATCH_REVIEW,"<img class=""ui-icon-theme-aware"" src=""/assets/icons/core/interface/status/experience.svg"" alt="""">"
docs/assets/fragments/layers/website/home/interaction-settings/sections/workspace/index.html,19,core/productivity/workspace/workspace.svg,workspace,workspace,yes,TRUE_MATCH_REVIEW,"<img class=""ui-icon-theme-aware"" src=""/assets/icons/core/productivity/workspace/workspace.svg"" alt="""">"
docs/assets/fragments/layers/website/home/platform-menu/home-platform-shell.html,49,core/navigation/unclassified/sidebar-active.svg,sidebar-active,sidebar-active,yes,TRUE_MATCH_REVIEW,"src=""/assets/icons/core/navigation/unclassified/sidebar-active.svg"""
docs/assets/fragments/layers/website/home/platform-menu/home-platform-shell.html,52,core/navigation/unclassified/sidebar-active.svg,sidebar-active,sidebar-active,yes,TRUE_MATCH_REVIEW,"data-home-platform-rail-icon-expanded=""/assets/icons/core/navigation/unclassified/sidebar-active.svg"""
docs/assets/fragments/layers/website/home/platform-menu/home-platform-shell.html,53,core/navigation/unclassified/sidebar-left.svg,sidebar-left,sidebar-left,yes,TRUE_MATCH_REVIEW,"data-home-platform-rail-icon-collapsed=""/assets/icons/core/navigation/unclassified/sidebar-left.svg"">"
docs/assets/fragments/layers/website/home/platform-menu/home-platform-shell.html,73,core/navigation/unclassified/home.svg,home,home,yes,TRUE_MATCH_REVIEW,"<span class=""home-platform-shell__nav-icon inline-stroke-icon"" data-inline-stroke-icon aria-hidden=""true""><img class=""ui-icon-theme-aware"" src=""/assets/icons/core/navigation/unclassified/home.svg"" alt=""""></span>"
docs/assets/fragments/layers/website/home/platform-menu/home-platform-shell.html,77,core/cognition/unclassified/continuity.svg,continuity,continuity,yes,TRUE_MATCH_REVIEW,"<span class=""home-platform-shell__nav-icon inline-stroke-icon"" data-inline-stroke-icon aria-hidden=""true""><img class=""ui-icon-theme-aware"" src=""/assets/icons/core/cognition/unclassified/continuity.svg"" alt=""""></span>"
docs/assets/fragments/layers/website/home/platform-menu/home-platform-shell.html,81,core/productivity/workspace/workspace.svg,workspace,workspace,yes,TRUE_MATCH_REVIEW,"<span class=""home-platform-shell__nav-icon inline-stroke-icon"" data-inline-stroke-icon aria-hidden=""true""><img class=""ui-icon-theme-aware"" src=""/assets/icons/core/productivity/workspace/workspace.svg"" alt=""""></span>"
docs/assets/fragments/layers/website/home/platform-menu/home-platform-shell.html,85,core/identity/unclassified/profile.svg,profile,profile,yes,TRUE_MATCH_REVIEW,"<span class=""home-platform-shell__nav-icon inline-stroke-icon"" data-inline-stroke-icon aria-hidden=""true""><img class=""ui-icon-theme-aware"" src=""/assets/icons/core/identity/unclassified/profile.svg"" alt=""""></span>"
docs/assets/fragments/layers/website/home/platform-menu/home-platform-shell.html,89,core/system/unclassified/settings.svg,settings,settings,yes,TRUE_MATCH_REVIEW,"<span class=""home-platform-shell__nav-icon inline-stroke-icon"" data-inline-stroke-icon aria-hidden=""true""><img class=""ui-icon-theme-aware"" src=""/assets/icons/core/system/unclassified/settings.svg"" alt=""""></span>"
docs/assets/fragments/layers/website/home/platform-menu/home-platform-shell.html,93,core/communication/messaging/messages.svg,messages,messages,yes,TRUE_MATCH_REVIEW,"<span class=""home-platform-shell__nav-icon inline-stroke-icon"" data-inline-stroke-icon aria-hidden=""true""><img class=""ui-icon-theme-aware"" src=""/assets/icons/core/communication/messaging/messages.svg"" alt=""""></span>"
docs/assets/fragments/layers/website/home/platform-menu/home-platform-shell.html,98,core/system/unclassified/notification.svg,notification,notification,yes,TRUE_MATCH_REVIEW,"<span class=""home-platform-shell__nav-icon inline-stroke-icon"" data-inline-stroke-icon aria-hidden=""true""><img class=""ui-icon-theme-aware"" src=""/assets/icons/core/system/unclassified/notification.svg"" alt=""""></span>"
docs/assets/fragments/layers/website/home/platform-menu/home-platform-shell.html,103,core/navigation/unclassified/more.svg,more,more,yes,TRUE_MATCH_REVIEW,"<span class=""home-platform-shell__nav-icon inline-stroke-icon"" data-inline-stroke-icon aria-hidden=""true""><img class=""ui-icon-theme-aware"" src=""/assets/icons/core/navigation/unclassified/more.svg"" alt=""""></span>"
docs/assets/fragments/layers/website/home/platform-menu/home-platform-shell.html,115,core/actions/unclassified/link.svg,link,link,yes,TRUE_MATCH_REVIEW,"<span class=""home-platform-shell__nav-icon inline-stroke-icon"" data-inline-stroke-icon aria-hidden=""true""><img class=""ui-icon-theme-aware"" src=""/assets/icons/core/actions/unclassified/link.svg"" alt=""""></span>"
docs/assets/fragments/layers/website/home/platform-menu/home-platform-shell.html,119,core/actions/unclassified/link.svg,link,link,yes,TRUE_MATCH_REVIEW,"<span class=""home-platform-shell__nav-icon inline-stroke-icon"" data-inline-stroke-icon aria-hidden=""true""><img class=""ui-icon-theme-aware"" src=""/assets/icons/core/actions/unclassified/link.svg"" alt=""""></span>"
docs/assets/fragments/layers/website/home/platform-menu/home-platform-shell.html,123,core/actions/unclassified/link.svg,link,link,yes,TRUE_MATCH_REVIEW,"<span class=""home-platform-shell__nav-icon inline-stroke-icon"" data-inline-stroke-icon aria-hidden=""true""><img class=""ui-icon-theme-aware"" src=""/assets/icons/core/actions/unclassified/link.svg"" alt=""""></span>"
docs/assets/fragments/layers/website/home/platform-menu/home-platform-shell.html,127,core/actions/unclassified/link.svg,link,link,yes,TRUE_MATCH_REVIEW,"<span class=""home-platform-shell__nav-icon inline-stroke-icon"" data-inline-stroke-icon aria-hidden=""true""><img class=""ui-icon-theme-aware"" src=""/assets/icons/core/actions/unclassified/link.svg"" alt=""""></span>"
docs/assets/fragments/layers/website/home/platform-menu/home-platform-shell.html,131,core/legal/privacy/cookies.svg,cookies,cookies,yes,TRUE_MATCH_REVIEW,"<span class=""home-platform-shell__nav-icon inline-stroke-icon"" data-inline-stroke-icon aria-hidden=""true""><img class=""ui-icon-theme-aware"" src=""/assets/icons/core/legal/privacy/cookies.svg"" alt=""""></span>"
docs/assets/fragments/layers/website/home/shell/home-dashboard-topbar.html,15,core/identity/brand/neuroartan/logo-plain.svg,logo-plain,logo-plain,yes,TRUE_MATCH_REVIEW,"src=""/assets/icons/core/identity/brand/neuroartan/logo-plain.svg"""
docs/assets/fragments/layers/website/home/shell/home-dashboard-topbar.html,29,core/navigation/unclassified/menu.svg,menu,menu,yes,TRUE_MATCH_REVIEW,"<img class=""ui-icon-theme-aware"" src=""/assets/icons/core/navigation/unclassified/menu.svg"" alt="""">"
docs/assets/fragments/layers/website/home/shell/home-dashboard-topbar.html,42,core/actions/unclassified/search.svg,search,search,yes,TRUE_MATCH_REVIEW,"<img class=""ui-icon-theme-aware"" src=""/assets/icons/core/actions/unclassified/search.svg"" alt="""">"
docs/assets/fragments/layers/website/home/shell/home-dashboard-topbar.html,54,core/cognition/unclassified/model.svg,model,model,yes,TRUE_MATCH_REVIEW,"<img class=""ui-icon-theme-aware"" src=""/assets/icons/core/cognition/unclassified/model.svg"" alt="""">"
docs/assets/fragments/layers/website/home/shell/home-dashboard-topbar.html,66,core/navigation/unclassified/feed.svg,feed,feed,yes,TRUE_MATCH_REVIEW,"<img class=""ui-icon-theme-aware"" src=""/assets/icons/core/navigation/unclassified/feed.svg"" alt="""">"
docs/assets/fragments/layers/website/home/shell/home-dashboard-topbar.html,78,core/navigation/unclassified/dashboard.svg,dashboard,dashboard,yes,TRUE_MATCH_REVIEW,"<img class=""ui-icon-theme-aware"" src=""/assets/icons/core/navigation/unclassified/dashboard.svg"" alt="""">"
docs/assets/fragments/layers/website/home/shell/home-dashboard-topbar.html,89,core/system/unclassified/settings.svg,settings,settings,yes,TRUE_MATCH_REVIEW,"<img class=""ui-icon-theme-aware"" src=""/assets/icons/core/system/unclassified/settings.svg"" alt="""">"
docs/assets/fragments/layers/website/home/shell/home-dashboard-topbar.html,110,core/identity/unclassified/profile.svg,profile,profile,yes,TRUE_MATCH_REVIEW,"<img class=""ui-icon-theme-aware"" src=""/assets/icons/core/identity/unclassified/profile.svg"" alt="""">"
docs/assets/fragments/layers/website/home/shell/home-navigation-drawer.html,36,core/cognition/unclassified/continuity.svg,continuity,continuity,yes,TRUE_MATCH_REVIEW,"<span class=""home-navigation-drawer__item-icon"" aria-hidden=""true""><img class=""ui-icon-theme-aware"" src=""/assets/icons/core/cognition/unclassified/continuity.svg"" alt=""""></span>"
docs/assets/fragments/layers/website/home/shell/home-navigation-drawer.html,43,core/identity/unclassified/profile.svg,profile,profile,yes,TRUE_MATCH_REVIEW,"<span class=""home-navigation-drawer__item-icon"" aria-hidden=""true""><img class=""ui-icon-theme-aware"" src=""/assets/icons/core/identity/unclassified/profile.svg"" alt=""""></span>"
docs/assets/fragments/layers/website/home/shell/home-navigation-drawer.html,47,core/system/unclassified/settings.svg,settings,settings,yes,TRUE_MATCH_REVIEW,"<span class=""home-navigation-drawer__item-icon"" aria-hidden=""true""><img class=""ui-icon-theme-aware"" src=""/assets/icons/core/system/unclassified/settings.svg"" alt=""""></span>"
docs/assets/fragments/layers/website/home/shell/home-search-shell.html,32,core/actions/unclassified/search.svg,search,search,yes,TRUE_MATCH_REVIEW,"<img class=""ui-icon-theme-aware"" src=""/assets/icons/core/actions/unclassified/search.svg"" alt="""">"
docs/assets/fragments/layers/website/home/shell/home-search-shell.html,50,core/media/unclassified/mic.svg,mic,mic,yes,TRUE_MATCH_REVIEW,"<img class=""ui-icon-theme-aware"" src=""/assets/icons/core/media/unclassified/mic.svg"" alt="""">"
docs/assets/fragments/layers/website/home/stage/developer-operations-panel/developer-operations-panel.html,32,core/actions/unclassified/expand.svg,expand,expand,yes,TRUE_MATCH_REVIEW,"<img class=""ui-icon-theme-aware"" src=""/assets/icons/core/actions/unclassified/expand.svg"" alt="""">"
docs/assets/fragments/layers/website/home/stage/developer-operations-panel/search/developer-operations-search.html,20,core/actions/unclassified/search.svg,search,search,yes,TRUE_MATCH_REVIEW,"<img class=""ui-icon-theme-aware"" src=""/assets/icons/core/actions/unclassified/search.svg"" alt="""">"
docs/assets/fragments/layers/website/home/stage/developer-operations-panel/tabs/developer-operations-tabs.html,20,core/productivity/tasks/tasks.svg,tasks,tasks,yes,TRUE_MATCH_REVIEW,"<img class=""ui-icon-theme-aware"" src=""/assets/icons/core/productivity/tasks/tasks.svg"" alt="""">"
docs/assets/fragments/layers/website/home/stage/developer-operations-panel/tabs/developer-operations-tabs.html,26,layers/developer/repository/repository.svg,repository,repository,yes,TRUE_MATCH_REVIEW,"<img class=""ui-icon-theme-aware"" src=""/assets/icons/layers/developer/repository/repository.svg"" alt="""">"
docs/assets/fragments/layers/website/home/stage/developer-operations-panel/tabs/developer-operations-tabs.html,32,core/productivity/workspace/workspace.svg,workspace,workspace,yes,TRUE_MATCH_REVIEW,"<img class=""ui-icon-theme-aware"" src=""/assets/icons/core/productivity/workspace/workspace.svg"" alt="""">"
docs/assets/fragments/layers/website/home/stage/developer-operations-panel/tabs/developer-operations-tabs.html,38,core/files/unclassified/server.svg,server,server,yes,TRUE_MATCH_REVIEW,"<img class=""ui-icon-theme-aware"" src=""/assets/icons/core/files/unclassified/server.svg"" alt="""">"
docs/assets/fragments/layers/website/home/stage/developer-operations-panel/tabs/developer-operations-tabs.html,44,core/legal/compliance/audit.svg,audit,audit,yes,TRUE_MATCH_REVIEW,"<img class=""ui-icon-theme-aware"" src=""/assets/icons/core/legal/compliance/audit.svg"" alt="""">"
docs/assets/fragments/layers/website/home/stage/developer-operations-panel/tabs/developer-operations-tabs.html,50,core/actions/unclassified/archive.svg,archive,archive,yes,TRUE_MATCH_REVIEW,"<img class=""ui-icon-theme-aware"" src=""/assets/icons/core/actions/unclassified/archive.svg"" alt="""">"
docs/assets/fragments/layers/website/home/stage/home-interaction-panel.html,15,core/actions/unclassified/attach.svg,attach,attach,yes,TRUE_MATCH_REVIEW,"<img class=""ui-icon-theme-aware"" src=""/assets/icons/core/actions/unclassified/attach.svg"" alt="""">"
docs/assets/fragments/layers/website/home/stage/home-interaction-panel.html,22,core/navigation/unclassified/chevron-down.svg,chevron-down,chevron-down,yes,TRUE_MATCH_REVIEW,"<img class=""ui-icon-theme-aware"" src=""/assets/icons/core/navigation/unclassified/chevron-down.svg"" alt="""">"
docs/assets/fragments/layers/website/home/stage/home-interaction-panel.html,28,core/system/unclassified/settings.svg,settings,settings,yes,TRUE_MATCH_REVIEW,"<img class=""ui-icon-theme-aware"" src=""/assets/icons/core/system/unclassified/settings.svg"" alt="""">"
docs/assets/fragments/layers/website/home/stage/home-interaction-panel.html,45,core/media/unclassified/mic.svg,mic,mic,yes,TRUE_MATCH_REVIEW,"<img class=""ui-icon-theme-aware"" src=""/assets/icons/core/media/unclassified/mic.svg"" alt="""">"
docs/assets/fragments/layers/website/home/stage/home-interaction-panel.html,51,core/actions/unclassified/send.svg,send,send,yes,TRUE_MATCH_REVIEW,"<img class=""ui-icon-theme-aware"" src=""/assets/icons/core/actions/unclassified/send.svg"" alt="""">"
docs/assets/fragments/layers/website/navigation/institutional-menu.html,29,core/identity/brand/neuroartan/logo-plain.svg,logo-plain,logo-plain,yes,TRUE_MATCH_REVIEW,"<img src=""/assets/icons/core/identity/brand/neuroartan/logo-plain.svg"" alt=""Neuroartan symbol"" class=""institutional-menu-brand-symbol"">"
docs/assets/fragments/layers/website/navigation/menu.html,27,layers/website/legacy/hover-to-social-media-and-music.svg,hover-to-social-media-and-music,hover-to-social-media-and-music,yes,TRUE_MATCH_REVIEW,"<img src=""/assets/icons/layers/website/legacy/hover-to-social-media-and-music.svg"" alt="""" aria-hidden=""true"">"
docs/assets/fragments/layers/website/navigation/menu.html,42,core/identity/unclassified/profile.svg,profile,profile,yes,TRUE_MATCH_REVIEW,"<img src=""/assets/icons/core/identity/unclassified/profile.svg"" alt="""" aria-hidden=""true"">"
docs/assets/fragments/layers/website/navigation/menu.html,45,system/social/email.svg,email,email,yes,TRUE_MATCH_REVIEW,"<img src=""/assets/icons/system/social/email.svg"" alt="""" aria-hidden=""true"">"
docs/assets/fragments/layers/website/navigation/menu.html,59,system/social/youtube.svg,youtube,youtube,yes,TRUE_MATCH_REVIEW,"<img class=""menu-pack-img"" src=""/assets/icons/system/social/youtube.svg"" alt=""YouTube"">"
docs/assets/fragments/layers/website/navigation/menu.html,62,system/social/x.svg,x,x,yes,TRUE_MATCH_REVIEW,"<img class=""menu-pack-img"" src=""/assets/icons/system/social/x.svg"" alt=""X"">"
docs/assets/fragments/layers/website/navigation/menu.html,76,core/identity/brand/neuroartan/logo-typo.svg,logo-typo,logo-typo,yes,TRUE_MATCH_REVIEW,"<img src=""/assets/icons/core/identity/brand/neuroartan/logo-typo.svg"" alt=""Neuroartan wordmark"" class=""menu-typo-logo"">"
docs/assets/fragments/layers/website/navigation/menu.html,90,layers/website/system/navigation/project.svg,project,project,yes,TRUE_MATCH_REVIEW,"<img id=""menu-preview-icon"" class=""menu-preview-icon"" src=""/assets/icons/layers/website/system/navigation/project.svg"" alt=""Menu preview icon"" data-preview-icon-default=""/assets/icons/layers/website/system/navigation/project.svg"">"
docs/assets/fragments/layers/website/navigation/menu.html,90,layers/website/system/navigation/project.svg,project,project,yes,TRUE_MATCH_REVIEW,"<img id=""menu-preview-icon"" class=""menu-preview-icon"" src=""/assets/icons/layers/website/system/navigation/project.svg"" alt=""Menu preview icon"" data-preview-icon-default=""/assets/icons/layers/website/system/navigation/project.svg"">"
docs/assets/fragments/layers/website/navigation/menu.html,101,layers/website/system/navigation/project.svg,project,project,yes,TRUE_MATCH_REVIEW,"<li class=""menu-item"" data-preview-title=""ARCHITECTURE"" data-preview-sub=""Institutional structure and system architecture"" data-preview-icon=""/assets/icons/layers/website/system/navigation/project.svg"">"
docs/assets/fragments/layers/website/navigation/menu.html,102,layers/website/system/navigation/project.svg,project,project,yes,TRUE_MATCH_REVIEW,"<a href=""/pages/infrastructure/architecture/index.html"" class=""menu-link menu-link--nojump"" data-text=""Architecture"" data-preview-title=""ARCHITECTURE"" data-preview-sub=""Institutional structure and system architecture"" data-preview-icon=""/assets/icons/layers/website/system/navigation/project.svg"">"
docs/assets/fragments/layers/website/navigation/menu.html,108,layers/website/system/content/product.svg,product,product,no,TRUE_MATCH_REVIEW,"<li class=""menu-item"" data-preview-title=""PLATFORM"" data-preview-sub=""Product direction, software systems, and platform logic"" data-preview-icon=""/assets/icons/layers/website/system/content/product.svg"">"
docs/assets/fragments/layers/website/navigation/menu.html,109,layers/website/system/content/product.svg,product,product,no,TRUE_MATCH_REVIEW,"<a href=""/pages/platform/index.html"" class=""menu-link menu-link--nojump"" data-text=""Platform"" data-preview-title=""PLATFORM"" data-preview-sub=""Product direction, software systems, and platform logic"" data-preview-icon=""/assets/icons/layers/website/system/content/product.svg"">"
docs/assets/fragments/layers/website/navigation/menu.html,115,layers/website/system/navigation/book.svg,book,book,yes,TRUE_MATCH_REVIEW,"<li class=""menu-item"" data-preview-title=""PUBLICATIONS"" data-preview-sub=""Essays, notes, research, and institutional writing"" data-preview-icon=""/assets/icons/layers/website/system/navigation/book.svg"">"
docs/assets/fragments/layers/website/navigation/menu.html,116,layers/website/system/navigation/book.svg,book,book,yes,TRUE_MATCH_REVIEW,"<a href=""/pages/research/publications/index.html"" class=""menu-link menu-link--nojump"" data-text=""Publications"" data-preview-title=""PUBLICATIONS"" data-preview-sub=""Essays, notes, research, and institutional writing"" data-preview-icon=""/assets/icons/layers/website/system/navigation/book.svg"">"
docs/assets/fragments/layers/website/navigation/menu.html,122,layers/website/system/navigation/project.svg,project,project,yes,TRUE_MATCH_REVIEW,"<li class=""menu-item"" data-preview-title=""UPDATES"" data-preview-sub=""Announcements, releases, and institutional signals"" data-preview-icon=""/assets/icons/layers/website/system/navigation/project.svg"">"
docs/assets/fragments/layers/website/navigation/menu.html,123,layers/website/system/navigation/project.svg,project,project,yes,TRUE_MATCH_REVIEW,"<a href=""/pages/updates/index.html"" class=""menu-link menu-link--nojump"" data-text=""Updates"" data-preview-title=""UPDATES"" data-preview-sub=""Announcements, releases, and institutional signals"" data-preview-icon=""/assets/icons/layers/website/system/navigation/project.svg"">"
docs/assets/fragments/layers/website/profile/private/header/profile-header.html,19,core/media/unclassified/image.svg,image,image,yes,TRUE_MATCH_REVIEW,"src=""/assets/icons/core/media/unclassified/image.svg"""
docs/assets/fragments/layers/website/profile/private/header/profile-header.html,52,core/actions/unclassified/edit.svg,edit,edit,yes,TRUE_MATCH_REVIEW,"src=""/assets/icons/core/actions/unclassified/edit.svg"""
docs/assets/fragments/layers/website/profile/private/header/profile-header.html,62,core/navigation/unclassified/globe.svg,globe,globe,yes,TRUE_MATCH_REVIEW,"src=""/assets/icons/core/navigation/unclassified/globe.svg"""
docs/assets/fragments/layers/website/profile/private/hero/profile-private-hero.html,16,core/actions/unclassified/edit.svg,edit,edit,yes,TRUE_MATCH_REVIEW,"<img class=""ui-icon-theme-aware"" src=""/assets/icons/core/actions/unclassified/edit.svg"" alt="""" aria-hidden=""true"">"
docs/assets/fragments/layers/website/profile/private/hero/profile-private-hero.html,34,core/media/unclassified/camera.svg,camera,camera,yes,TRUE_MATCH_REVIEW,"<img class=""ui-icon-theme-aware"" src=""/assets/icons/core/media/unclassified/camera.svg"" alt="""" aria-hidden=""true"">"
docs/assets/fragments/layers/website/profile/private/hero/profile-private-hero.html,47,core/navigation/unclassified/location.svg,location,location,yes,TRUE_MATCH_REVIEW,"<img class=""ui-icon-theme-aware"" src=""/assets/icons/core/navigation/unclassified/location.svg"" alt="""" aria-hidden=""true"">"
docs/assets/fragments/layers/website/profile/private/menu/profile-menu.html,24,core/navigation/unclassified/home.svg,home,home,yes,TRUE_MATCH_REVIEW,"<img class=""ui-icon-theme-aware"" src=""/assets/icons/core/navigation/unclassified/home.svg"" alt="""">"
docs/assets/fragments/layers/website/profile/private/menu/profile-menu.html,35,core/navigation/unclassified/explore.svg,explore,explore,yes,TRUE_MATCH_REVIEW,"<img class=""ui-icon-theme-aware"" src=""/assets/icons/core/navigation/unclassified/explore.svg"" alt="""">"
docs/assets/fragments/layers/website/profile/private/menu/profile-menu.html,46,core/navigation/unclassified/library.svg,library,library,yes,TRUE_MATCH_REVIEW,"<img class=""ui-icon-theme-aware"" src=""/assets/icons/core/navigation/unclassified/library.svg"" alt="""">"
docs/assets/fragments/layers/website/profile/private/menu/profile-menu.html,57,core/productivity/workspace/workspace.svg,workspace,workspace,yes,TRUE_MATCH_REVIEW,"<img class=""ui-icon-theme-aware"" src=""/assets/icons/core/productivity/workspace/workspace.svg"" alt="""">"
docs/assets/fragments/layers/website/profile/private/overview/profile-overview-panel.html,67,core/actions/unclassified/edit.svg,edit,edit,yes,TRUE_MATCH_REVIEW,"src=""/assets/icons/core/actions/unclassified/edit.svg"""
docs/assets/fragments/layers/website/profile/private/overview/profile-overview-panel.html,111,core/actions/unclassified/edit.svg,edit,edit,yes,TRUE_MATCH_REVIEW,"src=""/assets/icons/core/actions/unclassified/edit.svg"""
docs/assets/fragments/layers/website/profile/private/overview/profile-overview-panel.html,155,core/system/unclassified/settings.svg,settings,settings,yes,TRUE_MATCH_REVIEW,"src=""/assets/icons/core/system/unclassified/settings.svg"""
docs/assets/fragments/layers/website/profile/private/overview/profile-overview-panel.html,195,core/media/unclassified/image.svg,image,image,yes,TRUE_MATCH_REVIEW,"src=""/assets/icons/core/media/unclassified/image.svg"""
docs/assets/fragments/layers/website/profile/private/settings/profile-settings-panel.html,21,core/identity/profile/user.svg,user,user,yes,TRUE_MATCH_REVIEW,"<img class=""ui-icon-theme-aware"" src=""/assets/icons/core/identity/profile/user.svg"" alt="""">"
docs/assets/fragments/layers/website/profile/private/settings/profile-settings-panel.html,27,core/navigation/unclassified/route.svg,route,route,yes,TRUE_MATCH_REVIEW,"<img class=""ui-icon-theme-aware"" src=""/assets/icons/core/navigation/unclassified/route.svg"" alt="""">"
docs/assets/fragments/layers/website/profile/private/settings/profile-settings-panel.html,33,core/identity/access/visibility-on.svg,visibility-on,visibility-on,yes,TRUE_MATCH_REVIEW,"<img class=""ui-icon-theme-aware"" src=""/assets/icons/core/identity/access/visibility-on.svg"" alt="""">"
docs/assets/fragments/layers/website/profile/private/settings/profile-settings-panel.html,39,core/media/unclassified/image.svg,image,image,yes,TRUE_MATCH_REVIEW,"<img class=""ui-icon-theme-aware"" src=""/assets/icons/core/media/unclassified/image.svg"" alt="""">"
docs/assets/fragments/layers/website/profile/public/profile-footer.html,10,core/identity/brand/neuroartan/logo-plain.svg,logo-plain,logo-plain,yes,TRUE_MATCH_REVIEW,"src=""/assets/icons/core/identity/brand/neuroartan/logo-plain.svg"""
docs/assets/fragments/layers/website/profile/public/profile-header.html,28,core/identity/trust/verified.svg,verified,verified,yes,TRUE_MATCH_REVIEW,"src=""/assets/icons/core/identity/trust/verified.svg"""
docs/assets/fragments/layers/website/profile/public/profile-menu.html,11,core/identity/brand/neuroartan/logo-plain.svg,logo-plain,logo-plain,yes,TRUE_MATCH_REVIEW,"src=""/assets/icons/core/identity/brand/neuroartan/logo-plain.svg"""
docs/assets/fragments/layers/website/sections/products/products-sidebar.html,21,core/navigation/unclassified/sidebar-left.svg,sidebar-left,sidebar-left,yes,TRUE_MATCH_REVIEW,"src=""/assets/icons/core/navigation/unclassified/sidebar-left.svg"""
docs/index.html,59,layers/website/app/favicon/favicon.svg,favicon,favicon,yes,TRUE_MATCH_REVIEW,"<link rel=""icon"" type=""image/svg+xml"" href=""assets/icons/layers/website/app/favicon/favicon.svg"">"
docs/pages/about/index.html,56,layers/website/app/favicon/favicon.svg,favicon,favicon,yes,TRUE_MATCH_REVIEW,"<link rel=""icon"" type=""image/svg+xml"" href=""/assets/icons/layers/website/app/favicon/favicon.svg"">"
docs/pages/banking/index.html,11,layers/website/app/favicon/favicon.svg,favicon,favicon,yes,TRUE_MATCH_REVIEW,"<link rel=""icon"" type=""image/svg+xml"" href=""/assets/icons/layers/website/app/favicon/favicon.svg"">"
docs/pages/brand/index.html,19,layers/website/app/favicon/favicon.svg,favicon,favicon,yes,TRUE_MATCH_REVIEW,"<link rel=""icon"" type=""image/svg+xml"" href=""/assets/icons/layers/website/app/favicon/favicon.svg"">"
docs/pages/brand-assets/index.html,11,layers/website/app/favicon/favicon.svg,favicon,favicon,yes,TRUE_MATCH_REVIEW,"<link rel=""icon"" type=""image/svg+xml"" href=""/assets/icons/layers/website/app/favicon/favicon.svg"">"
docs/pages/business/enterprise/index.html,13,layers/website/app/favicon/favicon.svg,favicon,favicon,yes,TRUE_MATCH_REVIEW,"<link rel=""icon"" type=""image/svg+xml"" href=""/assets/icons/layers/website/app/favicon/favicon.svg"">"
docs/pages/business/index.html,13,layers/website/app/favicon/favicon.svg,favicon,favicon,yes,TRUE_MATCH_REVIEW,"<link rel=""icon"" type=""image/svg+xml"" href=""/assets/icons/layers/website/app/favicon/favicon.svg"">"
docs/pages/business/investor-relations/index.html,13,layers/website/app/favicon/favicon.svg,favicon,favicon,yes,TRUE_MATCH_REVIEW,"<link rel=""icon"" type=""image/svg+xml"" href=""/assets/icons/layers/website/app/favicon/favicon.svg"">"
docs/pages/business/partnerships/index.html,13,layers/website/app/favicon/favicon.svg,favicon,favicon,yes,TRUE_MATCH_REVIEW,"<link rel=""icon"" type=""image/svg+xml"" href=""/assets/icons/layers/website/app/favicon/favicon.svg"">"
docs/pages/careers/culture/index.html,10,layers/website/app/favicon/favicon.svg,favicon,favicon,yes,TRUE_MATCH_REVIEW,"<link rel=""icon"" type=""image/svg+xml"" href=""/assets/icons/layers/website/app/favicon/favicon.svg"">"
docs/pages/careers/departments/index.html,10,layers/website/app/favicon/favicon.svg,favicon,favicon,yes,TRUE_MATCH_REVIEW,"<link rel=""icon"" type=""image/svg+xml"" href=""/assets/icons/layers/website/app/favicon/favicon.svg"">"
docs/pages/careers/index.html,10,layers/website/app/favicon/favicon.svg,favicon,favicon,yes,TRUE_MATCH_REVIEW,"<link rel=""icon"" type=""image/svg+xml"" href=""/assets/icons/layers/website/app/favicon/favicon.svg"">"
docs/pages/careers/process/index.html,10,layers/website/app/favicon/favicon.svg,favicon,favicon,yes,TRUE_MATCH_REVIEW,"<link rel=""icon"" type=""image/svg+xml"" href=""/assets/icons/layers/website/app/favicon/favicon.svg"">"
docs/pages/careers/roles/index.html,10,layers/website/app/favicon/favicon.svg,favicon,favicon,yes,TRUE_MATCH_REVIEW,"<link rel=""icon"" type=""image/svg+xml"" href=""/assets/icons/layers/website/app/favicon/favicon.svg"">"
docs/pages/company/leadership/index.html,10,layers/website/app/favicon/favicon.svg,favicon,favicon,yes,TRUE_MATCH_REVIEW,"<link rel=""icon"" type=""image/svg+xml"" href=""/assets/icons/layers/website/app/favicon/favicon.svg"">"
docs/pages/continuity-history/index.html,10,layers/website/app/favicon/favicon.svg,favicon,favicon,yes,TRUE_MATCH_REVIEW,"<link rel=""icon"" type=""image/svg+xml"" href=""/assets/icons/layers/website/app/favicon/favicon.svg"">"
docs/pages/dashboard/index.html,10,layers/website/app/favicon/favicon.svg,favicon,favicon,yes,TRUE_MATCH_REVIEW,"<link rel=""icon"" type=""image/svg+xml"" href=""/assets/icons/layers/website/app/favicon/favicon.svg"">"
docs/pages/development-cockpit/index.html,10,layers/website/app/favicon/favicon.svg,favicon,favicon,yes,TRUE_MATCH_REVIEW,"<link rel=""icon"" type=""image/svg+xml"" href=""/assets/icons/layers/website/app/favicon/favicon.svg"">"
docs/pages/feed/index.html,10,layers/website/app/favicon/favicon.svg,favicon,favicon,yes,TRUE_MATCH_REVIEW,"<link rel=""icon"" type=""image/svg+xml"" href=""/assets/icons/layers/website/app/favicon/favicon.svg"">"
docs/pages/infrastructure/architecture/index.html,13,layers/website/app/favicon/favicon.svg,favicon,favicon,yes,TRUE_MATCH_REVIEW,"<link rel=""icon"" type=""image/svg+xml"" href=""/assets/icons/layers/website/app/favicon/favicon.svg"">"
docs/pages/infrastructure/index.html,13,layers/website/app/favicon/favicon.svg,favicon,favicon,yes,TRUE_MATCH_REVIEW,"<link rel=""icon"" type=""image/svg+xml"" href=""/assets/icons/layers/website/app/favicon/favicon.svg"">"
docs/pages/knowledge-research/index.html,13,layers/website/app/favicon/favicon.svg,favicon,favicon,yes,TRUE_MATCH_REVIEW,"<link rel=""icon"" type=""image/svg+xml"" href=""/assets/icons/layers/website/app/favicon/favicon.svg"">"
docs/pages/legal/acceptable-use/index.html,11,layers/website/app/favicon/favicon.svg,favicon,favicon,yes,TRUE_MATCH_REVIEW,"<link rel=""icon"" type=""image/svg+xml"" href=""/assets/icons/layers/website/app/favicon/favicon.svg"">"
docs/pages/legal/cookies/index.html,11,layers/website/app/favicon/favicon.svg,favicon,favicon,yes,TRUE_MATCH_REVIEW,"<link rel=""icon"" type=""image/svg+xml"" href=""/assets/icons/layers/website/app/favicon/favicon.svg"">"
docs/pages/legal/data/index.html,11,layers/website/app/favicon/favicon.svg,favicon,favicon,yes,TRUE_MATCH_REVIEW,"<link rel=""icon"" type=""image/svg+xml"" href=""/assets/icons/layers/website/app/favicon/favicon.svg"">"
docs/pages/legal/disclosures/index.html,11,layers/website/app/favicon/favicon.svg,favicon,favicon,yes,TRUE_MATCH_REVIEW,"<link rel=""icon"" type=""image/svg+xml"" href=""/assets/icons/layers/website/app/favicon/favicon.svg"">"
docs/pages/legal/imprint/index.html,11,layers/website/app/favicon/favicon.svg,favicon,favicon,yes,TRUE_MATCH_REVIEW,"<link rel=""icon"" type=""image/svg+xml"" href=""/assets/icons/layers/website/app/favicon/favicon.svg"">"
docs/pages/legal/index.html,32,layers/website/app/favicon/favicon.svg,favicon,favicon,yes,TRUE_MATCH_REVIEW,"<link rel=""icon"" type=""image/svg+xml"" href=""/assets/icons/layers/website/app/favicon/favicon.svg"">"
docs/pages/legal/policies/index.html,32,layers/website/app/favicon/favicon.svg,favicon,favicon,yes,TRUE_MATCH_REVIEW,"<link rel=""icon"" type=""image/svg+xml"" href=""/assets/icons/layers/website/app/favicon/favicon.svg"">"
docs/pages/legal/privacy/index.html,34,layers/website/app/favicon/favicon.svg,favicon,favicon,yes,TRUE_MATCH_REVIEW,"<link rel=""icon"" type=""image/svg+xml"" href=""/assets/icons/layers/website/app/favicon/favicon.svg"">"
docs/pages/legal/terms/index.html,32,layers/website/app/favicon/favicon.svg,favicon,favicon,yes,TRUE_MATCH_REVIEW,"<link rel=""icon"" type=""image/svg+xml"" href=""/assets/icons/layers/website/app/favicon/favicon.svg"">"
docs/pages/legal/trademark/index.html,32,layers/website/app/favicon/favicon.svg,favicon,favicon,yes,TRUE_MATCH_REVIEW,"<link rel=""icon"" type=""image/svg+xml"" href=""/assets/icons/layers/website/app/favicon/favicon.svg"">"
docs/pages/models/create/index.html,10,layers/website/app/favicon/favicon.svg,favicon,favicon,yes,TRUE_MATCH_REVIEW,"<link rel=""icon"" type=""image/svg+xml"" href=""/assets/icons/layers/website/app/favicon/favicon.svg"">"
docs/pages/models/index.html,10,layers/website/app/favicon/favicon.svg,favicon,favicon,yes,TRUE_MATCH_REVIEW,"<link rel=""icon"" type=""image/svg+xml"" href=""/assets/icons/layers/website/app/favicon/favicon.svg"">"
docs/pages/platform/index.html,10,layers/website/app/favicon/favicon.svg,favicon,favicon,yes,TRUE_MATCH_REVIEW,"<link rel=""icon"" type=""image/svg+xml"" href=""/assets/icons/layers/website/app/favicon/favicon.svg"">"
docs/pages/pricing/index.html,13,layers/website/app/favicon/favicon.svg,favicon,favicon,yes,TRUE_MATCH_REVIEW,"<link rel=""icon"" type=""image/svg+xml"" href=""/assets/icons/layers/website/app/favicon/favicon.svg"">"
docs/pages/products/capabilities/index.html,45,layers/website/app/favicon/favicon.svg,favicon,favicon,yes,TRUE_MATCH_REVIEW,"<link rel=""icon"" type=""image/svg+xml"" href=""/assets/icons/layers/website/app/favicon/favicon.svg"">"
docs/pages/products/index.html,51,layers/website/app/favicon/favicon.svg,favicon,favicon,yes,TRUE_MATCH_REVIEW,"<link rel=""icon"" type=""image/svg+xml"" href=""/assets/icons/layers/website/app/favicon/favicon.svg"">"
docs/pages/products/integrations/index.html,45,layers/website/app/favicon/favicon.svg,favicon,favicon,yes,TRUE_MATCH_REVIEW,"<link rel=""icon"" type=""image/svg+xml"" href=""/assets/icons/layers/website/app/favicon/favicon.svg"">"
docs/pages/products/overview/index.html,45,layers/website/app/favicon/favicon.svg,favicon,favicon,yes,TRUE_MATCH_REVIEW,"<link rel=""icon"" type=""image/svg+xml"" href=""/assets/icons/layers/website/app/favicon/favicon.svg"">"
docs/pages/products/workflows/index.html,45,layers/website/app/favicon/favicon.svg,favicon,favicon,yes,TRUE_MATCH_REVIEW,"<link rel=""icon"" type=""image/svg+xml"" href=""/assets/icons/layers/website/app/favicon/favicon.svg"">"
docs/pages/profiles/index.html,10,layers/website/app/favicon/favicon.svg,favicon,favicon,yes,TRUE_MATCH_REVIEW,"<link rel=""icon"" type=""image/svg+xml"" href=""/assets/icons/layers/website/app/favicon/favicon.svg"">"
docs/pages/research/publications/index.html,13,layers/website/app/favicon/favicon.svg,favicon,favicon,yes,TRUE_MATCH_REVIEW,"<link rel=""icon"" type=""image/svg+xml"" href=""/assets/icons/layers/website/app/favicon/favicon.svg"">"
docs/pages/security/index.html,13,layers/website/app/favicon/favicon.svg,favicon,favicon,yes,TRUE_MATCH_REVIEW,"<link rel=""icon"" type=""image/svg+xml"" href=""/assets/icons/layers/website/app/favicon/favicon.svg"">"
docs/pages/sitemap/index.html,10,layers/website/app/favicon/favicon.svg,favicon,favicon,yes,TRUE_MATCH_REVIEW,"<link rel=""icon"" type=""image/svg+xml"" href=""/assets/icons/layers/website/app/favicon/favicon.svg"">"
docs/pages/software/index.html,45,layers/website/app/favicon/favicon.svg,favicon,favicon,yes,TRUE_MATCH_REVIEW,"<link rel=""icon"" type=""image/svg+xml"" href=""/assets/icons/layers/website/app/favicon/favicon.svg"">"
docs/pages/support/help-center/index.html,13,layers/website/app/favicon/favicon.svg,favicon,favicon,yes,TRUE_MATCH_REVIEW,"<link rel=""icon"" type=""image/svg+xml"" href=""/assets/icons/layers/website/app/favicon/favicon.svg"">"
docs/pages/trust/index.html,13,layers/website/app/favicon/favicon.svg,favicon,favicon,yes,TRUE_MATCH_REVIEW,"<link rel=""icon"" type=""image/svg+xml"" href=""/assets/icons/layers/website/app/favicon/favicon.svg"">"
docs/pages/updates/index.html,11,layers/website/app/favicon/favicon.svg,favicon,favicon,yes,TRUE_MATCH_REVIEW,"<link rel=""icon"" type=""image/svg+xml"" href=""/assets/icons/layers/website/app/favicon/favicon.svg"">"
docs/profile.html,30,layers/website/app/favicon/favicon.svg,favicon,favicon,yes,TRUE_MATCH_REVIEW,"<link rel=""icon"" type=""image/svg+xml"" href=""assets/icons/layers/website/app/favicon/favicon.svg"">"
docs/single.html,27,layers/website/app/favicon/favicon.svg,favicon,favicon,yes,TRUE_MATCH_REVIEW,"<link rel=""icon"" type=""image/svg+xml"" href=""/assets/icons/layers/website/app/favicon/favicon.svg"">"
docs/assets/css/core/04-systems/scroll-to-top.css,64,core/navigation/unclassified/arrow-up.svg,arrow-up,arrow-up,yes,TRUE_MATCH_REVIEW,-webkit-mask-image: url('/assets/icons/core/navigation/unclassified/arrow-up.svg');
docs/assets/css/core/04-systems/scroll-to-top.css,68,core/navigation/unclassified/arrow-up.svg,arrow-up,arrow-up,yes,TRUE_MATCH_REVIEW,mask-image: url('/assets/icons/core/navigation/unclassified/arrow-up.svg');
docs/assets/css/layers/website/home/stage/home-stage-motion.css,526,core/media/unclassified/mic.svg,mic,mic,yes,TRUE_MATCH_REVIEW,"-webkit-mask-image:url(""/assets/icons/core/media/unclassified/mic.svg"");"
docs/assets/css/layers/website/home/stage/home-stage-motion.css,527,core/media/unclassified/mic.svg,mic,mic,yes,TRUE_MATCH_REVIEW,"mask-image:url(""/assets/icons/core/media/unclassified/mic.svg"");"
docs/assets/css/layers/website/sections/products-sidebar.css,76,core/navigation/unclassified/sidebar-left.svg,sidebar-left,sidebar-left,yes,TRUE_MATCH_REVIEW,-webkit-mask-image: url('/assets/icons/core/navigation/unclassified/sidebar-left.svg');
docs/assets/css/layers/website/sections/products-sidebar.css,80,core/navigation/unclassified/sidebar-left.svg,sidebar-left,sidebar-left,yes,TRUE_MATCH_REVIEW,mask-image: url('/assets/icons/core/navigation/unclassified/sidebar-left.svg');
docs/assets/js/layers/website/home/core/home-interaction-panel-state.js,39,system/states/loading.svg,loading,loading,yes,TRUE_MATCH_REVIEW,"submitIcon: '/assets/icons/system/states/loading.svg',"
docs/assets/js/layers/website/home/core/home-interaction-panel-state.js,47,system/states/loading.svg,loading,loading,yes,TRUE_MATCH_REVIEW,"submitIcon: '/assets/icons/system/states/loading.svg',"
docs/assets/js/layers/website/home/core/home-interaction-panel-state.js,56,core/actions/unclassified/send.svg,send,send,yes,TRUE_MATCH_REVIEW,"submitIcon: '/assets/icons/core/actions/unclassified/send.svg',"
docs/assets/js/layers/website/home/core/home-interaction-panel-state.js,65,core/actions/unclassified/plus.svg,plus,plus,yes,TRUE_MATCH_REVIEW,"submitIcon: '/assets/icons/core/actions/unclassified/plus.svg',"
docs/assets/js/layers/website/home/core/home-interaction-panel-state.js,73,core/actions/unclassified/send.svg,send,send,yes,TRUE_MATCH_REVIEW,"submitIcon: '/assets/icons/core/actions/unclassified/send.svg',"
docs/assets/js/layers/website/home/interaction-settings/interaction-settings-shell.js,151,core/navigation/unclassified/left.svg,left,left,yes,TRUE_MATCH_REVIEW,previousIcon.src = '/assets/icons/core/navigation/unclassified/left.svg';
docs/assets/js/layers/website/home/interaction-settings/interaction-settings-shell.js,166,core/navigation/unclassified/right.svg,right,right,yes,TRUE_MATCH_REVIEW,nextIcon.src = '/assets/icons/core/navigation/unclassified/right.svg';
docs/assets/js/layers/website/home/shell/home-search-shell.js,424,core/identity/trust/verified.svg,verified,verified,yes,TRUE_MATCH_REVIEW,"<img src=""/assets/icons/core/identity/trust/verified.svg"" alt="""" aria-hidden=""true"">"
docs/assets/js/layers/website/home/stage/developer-operations-panel/developer-operations-panel.js,49,core/actions/unclassified/collapse.svg,collapse,collapse,yes,TRUE_MATCH_REVIEW,"full:'/assets/icons/core/actions/unclassified/collapse.svg',"
docs/assets/js/layers/website/home/stage/developer-operations-panel/developer-operations-panel.js,50,core/actions/unclassified/expand.svg,expand,expand,yes,TRUE_MATCH_REVIEW,mini:'/assets/icons/core/actions/unclassified/expand.svg'
docs/assets/js/layers/website/sections/feed.js,312,core/identity/trust/verified.svg,verified,verified,yes,TRUE_MATCH_REVIEW,"<img class=""feed-post__badge-icon ui-icon-theme-aware"" src=""/assets/icons/core/identity/trust/verified.svg"" alt="""" aria-hidden=""true"">"
docs/assets/js/layers/website/sections/models.js,313,core/identity/trust/verified.svg,verified,verified,yes,TRUE_MATCH_REVIEW,"src=""/assets/icons/core/identity/trust/verified.svg"""
docs/assets/js/layers/website/system/auth/auth.js,73,core/identity/brand/neuroartan/logo-plain.svg,logo-plain,logo-plain,yes,TRUE_MATCH_REVIEW,const CORE_NEUROARTAN_LOGO = 'assets/icons/core/identity/brand/neuroartan/logo-plain.svg';
docs/assets/data/website/development-cockpit/homepage-developer-mode-registry.json,5,core/files/unclassified/code.svg,code,code,yes,TRUE_MATCH_REVIEW,"{ ""id"": ""code"", ""label"": ""Code"", ""workspace"": ""code"", ""icon"": ""/assets/icons/core/files/unclassified/code.svg"", ""active"": true },"
docs/assets/data/website/development-cockpit/homepage-developer-mode-registry.json,6,layers/software/app/app.svg,app,app,yes,TRUE_MATCH_REVIEW,"{ ""id"": ""app"", ""label"": ""App"", ""workspace"": ""app"", ""icon"": ""/assets/icons/layers/software/app/app.svg"", ""active"": false },"
docs/assets/data/website/development-cockpit/homepage-developer-mode-registry.json,7,layers/developer/docs/docs.svg,docs,docs,yes,TRUE_MATCH_REVIEW,"{ ""id"": ""docs"", ""label"": ""Docs"", ""workspace"": ""docs"", ""icon"": ""/assets/icons/layers/developer/docs/docs.svg"", ""active"": false },"
docs/assets/data/website/development-cockpit/homepage-developer-mode-registry.json,8,core/system/unclassified/bell.svg,bell,bell,yes,TRUE_MATCH_REVIEW,"{ ""id"": ""notifications"", ""label"": ""Notifications"", ""utility"": ""notifications"", ""icon"": ""/assets/icons/core/system/unclassified/bell.svg"" },"
docs/assets/data/website/development-cockpit/homepage-developer-mode-registry.json,9,core/system/unclassified/settings.svg,settings,settings,yes,TRUE_MATCH_REVIEW,"{ ""id"": ""settings"", ""label"": ""Settings"", ""utility"": ""settings"", ""icon"": ""/assets/icons/core/system/unclassified/settings.svg"" },"
docs/assets/data/website/development-cockpit/homepage-developer-mode-registry.json,10,core/identity/unclassified/account.svg,account,account,yes,TRUE_MATCH_REVIEW,"{ ""id"": ""account"", ""label"": ""Account"", ""utility"": ""account"", ""icon"": ""/assets/icons/core/identity/unclassified/account.svg"" }"
docs/collections/featured/icos-featured-functions/icos-featured-functions.json,31,layers/website/sections/home/featured-functions/reflection.svg,reflection,reflection,yes,TRUE_MATCH_REVIEW,"""icon"": ""/assets/icons/layers/website/sections/home/featured-functions/reflection.svg"","
docs/collections/featured/icos-featured-functions/icos-featured-functions.json,46,layers/website/sections/home/featured-functions/capture.svg,capture,capture,yes,TRUE_MATCH_REVIEW,"""icon"": ""/assets/icons/layers/website/sections/home/featured-functions/capture.svg"","
docs/collections/featured/icos-featured-functions/icos-featured-functions.json,61,layers/website/sections/home/featured-functions/patterning.svg,patterning,patterning,yes,TRUE_MATCH_REVIEW,"""icon"": ""/assets/icons/layers/website/sections/home/featured-functions/patterning.svg"","
docs/collections/featured/icos-featured-functions/icos-featured-functions.json,76,layers/website/sections/home/featured-functions/structure.svg,structure,structure,yes,TRUE_MATCH_REVIEW,"""icon"": ""/assets/icons/layers/website/sections/home/featured-functions/structure.svg"","
docs/collections/featured/icos-featured-functions/icos-featured-functions.json,91,layers/website/sections/home/featured-functions/signals.svg,signals,signals,yes,TRUE_MATCH_REVIEW,"""icon"": ""/assets/icons/layers/website/sections/home/featured-functions/signals.svg"","
docs/collections/featured/icos-featured-functions/icos-featured-functions.json,106,layers/website/sections/home/featured-functions/continuity.svg,continuity,continuity,yes,TRUE_MATCH_REVIEW,"""icon"": ""/assets/icons/layers/website/sections/home/featured-functions/continuity.svg"","
